model,concurrency,file,completed,failed,duration_s,avg_input_tokens,avg_output_tokens,request_throughput_rps,output_throughput_tok_s,total_token_throughput_tok_s,peak_output_throughput_tok_s,mean_ttft_ms,p99_ttft_ms,mean_tpot_ms,p99_tpot_ms,mean_itl_ms,p99_itl_ms
qwen3-14b-fp16,4,qwen3-14b-fp16_c4_20260629_015221.json,500,0,934.2101153520001,214.874,219.394,0.5352115030477972,117.42219249966843,232.4252290055608,132.0,206.93607964799878,489.0637427299657,33.00910984715543,44.39279630380657,32.887835792191225,56.13864652003935
qwen3-14b-fp16,16,qwen3-14b-fp16_c16_20260629_020808.json,500,0,369.5468101170002,214.874,219.526,1.3530085670113017,297.020558681723,587.7469215097094,384.0,283.0902965339992,1692.9789907598729,51.17487244423384,76.28413807332697,50.6251489212212,263.5071309199475
qwen3-14b-fp16,64,qwen3-14b-fp16_c64_20260629_021428.json,500,0,189.56594302899998,214.874,219.522,2.637604582398588,579.0122331373028,1145.764880175617,910.0,879.0979666980047,6865.2760781700135,109.01105888481936,403.00277814000594,94.58400916396533,442.74932340003943
qwen3-32b-awq,4,qwen3-32b-awq_c4_20260629_005657.json,500,0,1207.3390500680034,214.874,219.776,0.4141338756266001,91.01668664971166,180.0032890411017,105.0,381.5690690240299,988.831551811454,41.93053775673769,63.51379410493191,41.90827983218353,51.913061410050446
qwen3-32b-awq,16,qwen3-32b-awq_c16_20260629_011716.json,500,0,454.13025089800067,214.874,219.562,1.101005711492014,241.73901602660956,478.31651727774454,353.0,531.3833979562041,2354.5542173508748,62.14112148862897,111.02485408827421,61.43503711516448,566.0277672024677
qwen3-32b-awq,64,qwen3-32b-awq_c64_20260629_012502.json,500,0,287.39751839100063,214.874,219.27,1.7397505823963184,381.47511020204075,755.3022768438673,768.0,1941.6914095140964,16712.51174175406,175.64159013888832,827.8653139109148,145.49451295900937,968.6750721999852
qwen3-32b-gptq,4,qwen3-32b-gptq_c4_20260629_022237.json,500,0,1202.1082135890001,214.874,219.776,0.41593593184693906,91.41273535759288,180.78655277727205,108.0,384.7277033599903,1007.5800261298172,41.77065049097856,64.10745260142956,41.705141896239844,52.57776623002883
qwen3-32b-gptq,16,qwen3-32b-gptq_c16_20260629_024250.json,500,0,458.47818446500014,214.874,219.776,1.0905644301995565,239.6798882115377,474.0138295862372,352.0,545.2524830020029,2386.337976219962,62.483344229341995,115.51053336980581,61.958518377056606,576.2921045099213
qwen3-32b-gptq,64,qwen3-32b-gptq_c64_20260629_025040.json,500,0,292.25494813900013,214.874,219.642,1.7108350198477862,375.7712254294074,743.3851894841806,764.0,2027.6567361300058,17297.074432069796,177.59158866619475,891.4183243300002,147.7261990706421,1057.169452600283
